<?xml version="1.0"?>
<doc>
    <assembly>
        <name>CommonLib.DataUtil.OracleProviderLib</name>
    </assembly>
    <members>
        <member name="T:CommonLib.DataUtil.BaseDataService`1">
            <summary>
            Oracle基础数据库操作类（仿Batis）
            </summary>
        </member>
        <member name="F:CommonLib.DataUtil.BaseDataService`1._provider">
            <summary>
            Oracle基础操作类对象
            </summary>
        </member>
        <member name="M:CommonLib.DataUtil.BaseDataService`1.#ctor">
            <summary>
            数据库操作类构造器，使用App.config文件中"OracleClient"配置项内容初始化
            </summary>
        </member>
        <member name="M:CommonLib.DataUtil.BaseDataService`1.#ctor(System.String)">
            <summary>
            数据库操作类构造器，使用给定的连接字符串初始化
            </summary>
            <param name="connStr">连接字符串</param>
        </member>
        <member name="M:CommonLib.DataUtil.BaseDataService`1.#ctor(System.String,System.Boolean)">
            <summary>
            数据库操作类构造器，在连接字符串不为空且使用远程数据库时用连接字符串初始化，否则使用"OracleClient"配置项
            </summary>
            <param name="connStr">连接字符串</param>
            <param name="usingRemote">是否使用远程数据库（而非当前使用的数据库）</param>
        </member>
        <member name="M:CommonLib.DataUtil.BaseDataService`1.InitProviderInstance(System.String,System.Boolean)">
            <summary>
            初始化Provider对象，在连接字符串不为空且使用远程数据库时用连接字符串初始化，否则使用App.config文件中"OracleClient"配置项内容初始化
            </summary>
            <param name="connStr">连接字符串</param>
            <param name="usingRemote">是否使用远程数据库（而非当前使用的数据库）</param>
        </member>
        <member name="M:CommonLib.DataUtil.BaseDataService`1.ProviderExecuteSql(System.String)">
            <inheritdoc/>
        </member>
        <member name="M:CommonLib.DataUtil.BaseDataService`1.ProviderExecuteSqlTrans(System.Collections.Generic.IEnumerable{System.String})">
            <inheritdoc/>
        </member>
        <member name="M:CommonLib.DataUtil.BaseDataService`1.ProviderQuery(System.String)">
            <inheritdoc/>
        </member>
        <member name="T:CommonLib.DataUtil.OracleProvider">
            <summary>
            Oracle数据库基础操作类
            </summary>
        </member>
        <member name="F:CommonLib.DataUtil.OracleProvider.ConnStrModel">
            <summary>
            Oracle连接字符串模板
            形如“Data Source=ORCL1;User Id=test;Password=123;”，其中ORCL1可由具体的(DESCRIPTION...)代替
            </summary>
        </member>
        <member name="F:CommonLib.DataUtil.OracleProvider.DefaultPort">
            <summary>
            默认端口号
            </summary>
        </member>
        <member name="M:CommonLib.DataUtil.OracleProvider.GetConnStr(System.String,System.Int32,System.String,System.String,System.String)">
            <summary>
            获取连接字符串
            </summary>
            <param name="hostAddress">数据库主机地址</param>
            <param name="hostPort">数据库主机端口</param>
            <param name="serviceName">数据库名称</param>
            <param name="userName">用户名</param>
            <param name="password">密码</param>
            <returns>返回连接字符串</returns>
        </member>
        <member name="M:CommonLib.DataUtil.OracleProvider.IsConnOpen(System.String,System.Int32,System.String,System.String,System.String,System.String@)">
            <summary>
            测试以给定的连接字符串模板以及相关数据库参数描述的数据库连接是否正常（能够连接）
            </summary>
            <param name="hostAddress">数据库主机地址</param>
            <param name="hostPort">数据库主机端口</param>
            <param name="serviceName">数据库名称</param>
            <param name="userName">用户名</param>
            <param name="password">密码</param>
            <param name="connStr">输出的数据库字符串描述</param>
            <returns>假如能够连接，返回true，否则返回false</returns>
        </member>
        <member name="M:CommonLib.DataUtil.OracleProvider.IsConnOpen(System.String)">
            <summary>
            测试以给定的连接字符串描述的Oracle数据库连接是否正常（能够连接）
            </summary>
            <param name="connStr">Oracle连接字符串</param>
            <returns>假如能够连接，返回true，否则返回false</returns>
        </member>
        <member name="M:CommonLib.DataUtil.OracleProvider.#ctor">
            <summary>
            以默认配置初始化OracleProvider
            </summary>
        </member>
        <member name="M:CommonLib.DataUtil.OracleProvider.#ctor(System.String,System.Object)">
            <summary>
            用App.config配置项名称初始化
            </summary>
            <param name="configurationName">App.config文件中configuration/appSettings节点下的关键字名称</param>
            <param name="_">充数的参数，防止签名一致</param>
        </member>
        <member name="M:CommonLib.DataUtil.OracleProvider.#ctor(System.String)">
            <summary>
            构造器
            </summary>
            <param name="connStr">连接字符串，形如“Data Source=ORCL1;User Id=test;Password=123;”，其中ORCL1可由具体的(DESCRIPTION...)代替</param>
        </member>
        <member name="M:CommonLib.DataUtil.OracleProvider.#ctor(System.String,System.Int32,System.String,System.String,System.String)">
            <summary>
            根据给定的数据库相关信息初始化
            </summary>
            <param name="hostAddress">数据库地址</param>
            <param name="hostPort">端口号</param>
            <param name="serviceName">数据库服务名</param>
            <param name="userName">用户名称</param>
            <param name="password">用户密码</param>
        </member>
        <member name="M:CommonLib.DataUtil.OracleProvider.#ctor(System.String,System.String,System.String,System.String)">
            <summary>
            根据给定的数据库相关信息以及默认端口号初始化
            </summary>
            <param name="hostAddress">数据库地址</param>
            <param name="serviceName">数据库服务名</param>
            <param name="userName">用户名称</param>
            <param name="password">用户密码</param>
        </member>
        <member name="M:CommonLib.DataUtil.OracleProvider.ExecuteSqlWithClobContents(System.String,System.Collections.Generic.Dictionary{System.String,System.String})">
            <summary>
            使用指定的Clob内容键值对来执行Sql语句
            </summary>
            <param name="sqlString">待执行的SQL语句</param>
            <param name="dict">包含CLOB内容的键值对</param>
            <returns></returns>
        </member>
        <member name="M:CommonLib.DataUtil.OracleProvider.RunProcedureQuery(System.String,System.Collections.Generic.IEnumerable{Oracle.ManagedDataAccess.Client.OracleParameter},System.String)">
            <summary>
            执行存储过程，返回数据集，假如参数中不包含输出的指针参数，则以给定参数名称添加一个
            </summary>
            <param name="procedureName">存储过程名</param>
            <param name="parameters">输入参数</param>
            <param name="cursorName">输出指针的参数名称</param>
            <returns>返回执行完毕返回的数据集</returns>
        </member>
    </members>
</doc>
