<?xml version="1.0"?>
<doc>
    <assembly>
        <name>OpcLibrary.Controls</name>
    </assembly>
    <members>
        <member name="T:OpcLibrary.Controls.Forms.FormOpcConfig">
            <summary>
            与OpcLibrary.OpcTaskBase配套的OPC项配置窗口，使用与OpcTaskBase匹配的数据源
            </summary>
        </member>
        <member name="T:OpcLibrary.Controls.Forms.FormOpcConfig.OpcServerConnectedEventHandler">
            <summary>
            OPC连接成功事件的委托
            </summary>
            <param name="sender"></param>
            <param name="e"></param>
        </member>
        <member name="F:OpcLibrary.Controls.Forms.FormOpcConfig.OpcServerConnected">
            <summary>
            OPC连接成功事件
            </summary>
        </member>
        <member name="P:OpcLibrary.Controls.Forms.FormOpcConfig.OpcServerIp">
            <summary>
            OPC服务端IP
            </summary>
        </member>
        <member name="P:OpcLibrary.Controls.Forms.FormOpcConfig.OpcServerName">
            <summary>
            OPC服务端IP
            </summary>
        </member>
        <member name="M:OpcLibrary.Controls.Forms.FormOpcConfig.#ctor">
            <summary>
            构造器
            </summary>
        </member>
        <member name="M:OpcLibrary.Controls.Forms.FormOpcConfig.DataSourceRefresh">
            <summary>
            刷新数据源
            </summary>
        </member>
        <member name="M:OpcLibrary.Controls.Forms.FormOpcConfig.CheckForTableColumns">
            <summary>
            检查数据项表的字段，假如缺少字段则增加
            </summary>
        </member>
        <member name="M:OpcLibrary.Controls.Forms.FormOpcConfig.Button_Refresh_Click(System.Object,System.EventArgs)">
            <summary>
            刷新按钮
            </summary>
            <param name="sender"></param>
            <param name="e"></param>
        </member>
        <member name="M:OpcLibrary.Controls.Forms.FormOpcConfig.Button_Add_Click(System.Object,System.EventArgs)">
            <summary>
            新增按钮
            </summary>
            <param name="sender"></param>
            <param name="e"></param>
        </member>
        <member name="M:OpcLibrary.Controls.Forms.FormOpcConfig.Button_Save_Click(System.Object,System.EventArgs)">
            <summary>
            保存按钮
            </summary>
            <param name="sender"></param>
            <param name="e"></param>
        </member>
        <member name="M:OpcLibrary.Controls.Forms.FormOpcConfig.Button_Delete_Click(System.Object,System.EventArgs)">
            <summary>
            删除按钮
            </summary>
            <param name="sender"></param>
            <param name="e"></param>
        </member>
        <member name="F:OpcLibrary.Controls.Forms.FormOpcConfig.components">
            <summary>
            Required designer variable.
            </summary>
        </member>
        <member name="M:OpcLibrary.Controls.Forms.FormOpcConfig.Dispose(System.Boolean)">
            <summary>
            Clean up any resources being used.
            </summary>
            <param name="disposing">true if managed resources should be disposed; otherwise, false.</param>
        </member>
        <member name="M:OpcLibrary.Controls.Forms.FormOpcConfig.InitializeComponent">
            <summary>
            Required method for Designer support - do not modify
            the contents of this method with the code editor.
            </summary>
        </member>
        <member name="T:OpcLibrary.Controls.Forms.OpcServerConnectedEventArgs">
            <summary>
            OPC服务连接成功事件的参数实体类
            </summary>
        </member>
        <member name="P:OpcLibrary.Controls.Forms.OpcServerConnectedEventArgs.OpcServerIp">
            <summary>
            OPC服务端IP
            </summary>
        </member>
        <member name="P:OpcLibrary.Controls.Forms.OpcServerConnectedEventArgs.OpcServerName">
            <summary>
            OPC服务端名称
            </summary>
        </member>
        <member name="M:OpcLibrary.Controls.Forms.OpcServerConnectedEventArgs.#ctor(System.String,System.String)">
            <summary>
            构造器
            </summary>
            <param name="serverIp">OPC服务端IP</param>
            <param name="serverName">OPC服务端名称</param>
        </member>
        <member name="T:OpcLibrary.Controls.Properties.Resources">
            <summary>
              强类型资源类，用于查找本地化字符串等。
            </summary>
        </member>
        <member name="P:OpcLibrary.Controls.Properties.Resources.ResourceManager">
            <summary>
              返回此类使用的缓存 ResourceManager 实例。
            </summary>
        </member>
        <member name="P:OpcLibrary.Controls.Properties.Resources.Culture">
            <summary>
              重写当前线程的 CurrentUICulture 属性，对
              使用此强类型资源类的所有资源查找执行重写。
            </summary>
        </member>
    </members>
</doc>
